customers_org,product,relevancy_score
A10001,5650743,0.646915508
A10001,5649965,0.608652774
A10001,5649679,0.587335639